{"cameraMode":{"drawMode":0,"name":"Shaded","section":"Shading Mode"},"sceneLighting":false,"audioPlay":false,"sceneViewState":{"m_AlwaysRefresh":false,"showFog":true,"showSkybox":false,"showFlares":true,"showImageEffects":true,"showParticleSystems":true,"showVisualEffectGraphs":true,"m_FxEnabled":true},"in2DMode":false,"pivot":{"x":-4.776535987854004,"y":0.13673096895217896,"z":-1.1557966470718384},"rotation":{"x":0.1446918398141861,"y":-0.06318116933107376,"z":0.009257548488676548,"w":0.9874191880226135},"size":4.3388190269470219,"orthographic":false}