{"cameraMode":{"drawMode":0,"name":"Shaded","section":"Shading Mode"},"sceneLighting":true,"audioPlay":false,"sceneViewState":{"m_AlwaysRefresh":false,"showFog":true,"showSkybox":true,"showFlares":true,"showImageEffects":true,"showParticleSystems":true,"showVisualEffectGraphs":true,"m_FxEnabled":true},"in2DMode":false,"pivot":{"x":-0.7305791974067688,"y":-10.948441505432129,"z":13.715731620788575},"rotation":{"x":-0.270417720079422,"y":0.022542912513017656,"z":-0.006301139481365681,"w":-0.9624779224395752},"size":13.327834129333496,"orthographic":false}