{"cameraMode":{"drawMode":0,"name":"Shaded","section":"Shading Mode"},"sceneLighting":true,"audioPlay":false,"sceneViewState":{"m_AlwaysRefresh":false,"showFog":true,"showSkybox":true,"showFlares":true,"showImageEffects":true,"showParticleSystems":true,"showVisualEffectGraphs":true,"m_FxEnabled":true},"in2DMode":false,"pivot":{"x":9.813706398010254,"y":0.9351840615272522,"z":-0.6541810035705566},"rotation":{"x":0.04511960968375206,"y":-0.7543482184410095,"z":0.052131637930870059,"w":0.6528527140617371},"size":2.044005870819092,"orthographic":true}